"","E_58_10382","E_71_7760","E_71_9958","E_71_9959","E_84_1104","E_89_1027","E_89_1027B","E_89_1028","E_89_1029","E_90_925","E_90_926","E_92_931","E_92_932","E_92_933","E_94_10462","E_94_10463","E_95_930","E_98_927","E_98_928","S_02_9952","S_02_9953","S_05_829","S_05_829B","S_05_830","S_05_831","S_05_832","S_07_810","S_07_817","S_07_818","S_07_819","S_23_7387","S_24_851","S_24_852","S_24_853","S_24_854","S_27_816","S_31_6083","S_33_8366","S_33_8367","S_33_8368","S_34_8369","S_34_8372","S_50_824","S_50_825","S_50_826","S_53_465","S_54_803","S_54_804","S_54_805","S_99_855","S_99_856","S_99_857","W_26_6364","W_26_6365","W_44_934","W_45_10195","W_45_10195B","W_65_1775","W_66_941","W_66_941B","W_66_941C","W_66_942","W_67_10250","W_67_10251","W_67_10253","W_79_838","W_79_840","W_79_843","W_79_844","W_79_845","W_83_6366","W_88_935"
"E_58_10382",0,NA,NA,NA,NA,NA,NA,NA,NA,NA,NA,NA,NA,NA,NA,NA,NA,NA,NA,NA,NA,NA,NA,NA,NA,NA,NA,NA,NA,NA,NA,NA,NA,NA,NA,NA,NA,NA,NA,NA,NA,NA,NA,NA,NA,NA,NA,NA,NA,NA,NA,NA,NA,NA,NA,NA,NA,NA,NA,NA,NA,NA,NA,NA,NA,NA,NA,NA,NA,NA,NA,NA
"E_71_7760",0.165359513477437,0,NA,NA,NA,NA,NA,NA,NA,NA,NA,NA,NA,NA,NA,NA,NA,NA,NA,NA,NA,NA,NA,NA,NA,NA,NA,NA,NA,NA,NA,NA,NA,NA,NA,NA,NA,NA,NA,NA,NA,NA,NA,NA,NA,NA,NA,NA,NA,NA,NA,NA,NA,NA,NA,NA,NA,NA,NA,NA,NA,NA,NA,NA,NA,NA,NA,NA,NA,NA,NA,NA
"E_71_9958",0.146500616964691,0.0918666072434112,0,NA,NA,NA,NA,NA,NA,NA,NA,NA,NA,NA,NA,NA,NA,NA,NA,NA,NA,NA,NA,NA,NA,NA,NA,NA,NA,NA,NA,NA,NA,NA,NA,NA,NA,NA,NA,NA,NA,NA,NA,NA,NA,NA,NA,NA,NA,NA,NA,NA,NA,NA,NA,NA,NA,NA,NA,NA,NA,NA,NA,NA,NA,NA,NA,NA,NA,NA,NA,NA
"E_71_9959",0.187552216664551,0.0900122249820221,0.085054991824825,0,NA,NA,NA,NA,NA,NA,NA,NA,NA,NA,NA,NA,NA,NA,NA,NA,NA,NA,NA,NA,NA,NA,NA,NA,NA,NA,NA,NA,NA,NA,NA,NA,NA,NA,NA,NA,NA,NA,NA,NA,NA,NA,NA,NA,NA,NA,NA,NA,NA,NA,NA,NA,NA,NA,NA,NA,NA,NA,NA,NA,NA,NA,NA,NA,NA,NA,NA,NA
"E_84_1104",0.167634123804153,0.148121637314181,0.157563523419864,0.184409454352426,0,NA,NA,NA,NA,NA,NA,NA,NA,NA,NA,NA,NA,NA,NA,NA,NA,NA,NA,NA,NA,NA,NA,NA,NA,NA,NA,NA,NA,NA,NA,NA,NA,NA,NA,NA,NA,NA,NA,NA,NA,NA,NA,NA,NA,NA,NA,NA,NA,NA,NA,NA,NA,NA,NA,NA,NA,NA,NA,NA,NA,NA,NA,NA,NA,NA,NA,NA
"E_89_1027",0.15643365545957,0.230590360166094,0.229022960763408,0.257325019069014,0.168592642096013,0,NA,NA,NA,NA,NA,NA,NA,NA,NA,NA,NA,NA,NA,NA,NA,NA,NA,NA,NA,NA,NA,NA,NA,NA,NA,NA,NA,NA,NA,NA,NA,NA,NA,NA,NA,NA,NA,NA,NA,NA,NA,NA,NA,NA,NA,NA,NA,NA,NA,NA,NA,NA,NA,NA,NA,NA,NA,NA,NA,NA,NA,NA,NA,NA,NA,NA
"E_89_1027B",0.152049340502722,0.228157265340508,0.224587863267149,0.25285318755358,0.169954618238978,0.00243309482558644,0,NA,NA,NA,NA,NA,NA,NA,NA,NA,NA,NA,NA,NA,NA,NA,NA,NA,NA,NA,NA,NA,NA,NA,NA,NA,NA,NA,NA,NA,NA,NA,NA,NA,NA,NA,NA,NA,NA,NA,NA,NA,NA,NA,NA,NA,NA,NA,NA,NA,NA,NA,NA,NA,NA,NA,NA,NA,NA,NA,NA,NA,NA,NA,NA,NA
"E_89_1028",0.179799706538694,0.234219953634776,0.222702223378923,0.269097883230452,0.146211202007694,0.113151939850612,0.112522272024176,0,NA,NA,NA,NA,NA,NA,NA,NA,NA,NA,NA,NA,NA,NA,NA,NA,NA,NA,NA,NA,NA,NA,NA,NA,NA,NA,NA,NA,NA,NA,NA,NA,NA,NA,NA,NA,NA,NA,NA,NA,NA,NA,NA,NA,NA,NA,NA,NA,NA,NA,NA,NA,NA,NA,NA,NA,NA,NA,NA,NA,NA,NA,NA,NA
"E_89_1029",0.165178510236575,0.231421310288616,0.208135386931288,0.241953267207363,0.163998457092298,0.112351299167125,0.109918204341538,0.110801535897815,0,NA,NA,NA,NA,NA,NA,NA,NA,NA,NA,NA,NA,NA,NA,NA,NA,NA,NA,NA,NA,NA,NA,NA,NA,NA,NA,NA,NA,NA,NA,NA,NA,NA,NA,NA,NA,NA,NA,NA,NA,NA,NA,NA,NA,NA,NA,NA,NA,NA,NA,NA,NA,NA,NA,NA,NA,NA,NA,NA,NA,NA,NA,NA
"E_90_925",0.178612969248913,0.239027335714164,0.235453917584612,0.251585440269963,0.156261322461694,0.110354174351611,0.111518205706874,0.115985770490966,0.113391407353452,0,NA,NA,NA,NA,NA,NA,NA,NA,NA,NA,NA,NA,NA,NA,NA,NA,NA,NA,NA,NA,NA,NA,NA,NA,NA,NA,NA,NA,NA,NA,NA,NA,NA,NA,NA,NA,NA,NA,NA,NA,NA,NA,NA,NA,NA,NA,NA,NA,NA,NA,NA,NA,NA,NA,NA,NA,NA,NA,NA,NA,NA,NA
"E_90_926",0.172990420041162,0.231398767779547,0.209989447577857,0.237930719364948,0.175099070824103,0.115562055918229,0.118588483297542,0.123010182983982,0.114963133779728,0.105791038163152,0,NA,NA,NA,NA,NA,NA,NA,NA,NA,NA,NA,NA,NA,NA,NA,NA,NA,NA,NA,NA,NA,NA,NA,NA,NA,NA,NA,NA,NA,NA,NA,NA,NA,NA,NA,NA,NA,NA,NA,NA,NA,NA,NA,NA,NA,NA,NA,NA,NA,NA,NA,NA,NA,NA,NA,NA,NA,NA,NA,NA,NA
"E_92_931",0.190157364958796,0.216439548480122,0.189305368105429,0.219015193152565,0.143534043547647,0.132333575203064,0.129900480377478,0.110415219574189,0.116887338219782,0.109404625010798,0.118354282662138,0,NA,NA,NA,NA,NA,NA,NA,NA,NA,NA,NA,NA,NA,NA,NA,NA,NA,NA,NA,NA,NA,NA,NA,NA,NA,NA,NA,NA,NA,NA,NA,NA,NA,NA,NA,NA,NA,NA,NA,NA,NA,NA,NA,NA,NA,NA,NA,NA,NA,NA,NA,NA,NA,NA,NA,NA,NA,NA,NA,NA
"E_92_932",0.16953930553617,0.21210087246572,0.183556885364832,0.208984209501819,0.175821683683628,0.121982689892391,0.119549595066805,0.127614286031747,0.105268826361484,0.128413646713595,0.111960666731474,0.112012665022449,0,NA,NA,NA,NA,NA,NA,NA,NA,NA,NA,NA,NA,NA,NA,NA,NA,NA,NA,NA,NA,NA,NA,NA,NA,NA,NA,NA,NA,NA,NA,NA,NA,NA,NA,NA,NA,NA,NA,NA,NA,NA,NA,NA,NA,NA,NA,NA,NA,NA,NA,NA,NA,NA,NA,NA,NA,NA,NA,NA
"E_92_933",0.163219645751242,0.223468982098121,0.223883743899427,0.235971195529816,0.17531933271678,0.117771366636464,0.120787876578442,0.132502206630933,0.129875081421412,0.131475082786747,0.127679018105031,0.113244346941281,0.11958034075474,0,NA,NA,NA,NA,NA,NA,NA,NA,NA,NA,NA,NA,NA,NA,NA,NA,NA,NA,NA,NA,NA,NA,NA,NA,NA,NA,NA,NA,NA,NA,NA,NA,NA,NA,NA,NA,NA,NA,NA,NA,NA,NA,NA,NA,NA,NA,NA,NA,NA,NA,NA,NA,NA,NA,NA,NA,NA,NA
"E_94_10462",0.153343422657366,0.215493859939882,0.194394589619951,0.237930719364948,0.163735312173788,0.117378586844627,0.116765328736026,0.130309485465594,0.114963133779728,0.140308543045866,0.127319478021352,0.127570937767061,0.137416586724823,0.136861819087366,0,NA,NA,NA,NA,NA,NA,NA,NA,NA,NA,NA,NA,NA,NA,NA,NA,NA,NA,NA,NA,NA,NA,NA,NA,NA,NA,NA,NA,NA,NA,NA,NA,NA,NA,NA,NA,NA,NA,NA,NA,NA,NA,NA,NA,NA,NA,NA,NA,NA,NA,NA,NA,NA,NA,NA,NA,NA
"E_94_10463",0.167576596368321,0.229835327405489,0.204691197438806,0.222589861557597,0.172040960843722,0.121982689892391,0.121366125993203,0.149633524275664,0.107046604607483,0.132050014356979,0.135576659802816,0.137702151137759,0.13284809912339,0.12138376775389,0.111960666731474,0,NA,NA,NA,NA,NA,NA,NA,NA,NA,NA,NA,NA,NA,NA,NA,NA,NA,NA,NA,NA,NA,NA,NA,NA,NA,NA,NA,NA,NA,NA,NA,NA,NA,NA,NA,NA,NA,NA,NA,NA,NA,NA,NA,NA,NA,NA,NA,NA,NA,NA,NA,NA,NA,NA,NA,NA
"E_95_930",0.118632285088095,0.161228184882401,0.159660785479715,0.193338869702472,0.130791271724537,0.100828526924431,0.0983954320988443,0.112051936329564,0.109383881471282,0.110983882836617,0.101636934537884,0.105768278098514,0.108057568512046,0.0982520411024373,0.0960762158531864,0.119272639332186,0,NA,NA,NA,NA,NA,NA,NA,NA,NA,NA,NA,NA,NA,NA,NA,NA,NA,NA,NA,NA,NA,NA,NA,NA,NA,NA,NA,NA,NA,NA,NA,NA,NA,NA,NA,NA,NA,NA,NA,NA,NA,NA,NA,NA,NA,NA,NA,NA,NA,NA,NA,NA,NA,NA,NA
"E_98_927",0.172621163461612,0.243082250967584,0.217513699465356,0.235551602719852,0.169121806181869,0.10994165594915,0.112928628592903,0.120993319557845,0.105803941422258,0.103838876623098,0.114360175786703,0.119967187286579,0.102859183143509,0.114772611405019,0.123442890361022,0.118974124535916,0.101392828415112,0,NA,NA,NA,NA,NA,NA,NA,NA,NA,NA,NA,NA,NA,NA,NA,NA,NA,NA,NA,NA,NA,NA,NA,NA,NA,NA,NA,NA,NA,NA,NA,NA,NA,NA,NA,NA,NA,NA,NA,NA,NA,NA,NA,NA,NA,NA,NA,NA,NA,NA,NA,NA,NA,NA
"E_98_928",0.160207060799286,0.236206035796692,0.218796720928348,0.238769823066262,0.163170445695416,0.135318343758391,0.132885248932804,0.131817456334473,0.120166799626921,0.125370408495555,0.132463743613106,0.141949256167008,0.135234738499719,0.127387047600408,0.110763072879988,0.120767940081966,0.12354074680822,0.115960210732245,0,NA,NA,NA,NA,NA,NA,NA,NA,NA,NA,NA,NA,NA,NA,NA,NA,NA,NA,NA,NA,NA,NA,NA,NA,NA,NA,NA,NA,NA,NA,NA,NA,NA,NA,NA,NA,NA,NA,NA,NA,NA,NA,NA,NA,NA,NA,NA,NA,NA,NA,NA,NA,NA
"S_02_9952",0.16616408170522,0.151501550755811,0.166253643181727,0.163639112515184,0.197666031184793,0.242955750794953,0.238520653298693,0.240603272586088,0.23583437272698,0.255416876642748,0.237770134468195,0.236804981776057,0.244190768442357,0.247786706250821,0.214146988704759,0.238232458858727,0.177484631004226,0.265620669309493,0.217134653001986,0,NA,NA,NA,NA,NA,NA,NA,NA,NA,NA,NA,NA,NA,NA,NA,NA,NA,NA,NA,NA,NA,NA,NA,NA,NA,NA,NA,NA,NA,NA,NA,NA,NA,NA,NA,NA,NA,NA,NA,NA,NA,NA,NA,NA,NA,NA,NA,NA,NA,NA,NA,NA
"S_02_9953",0.128750616513511,0.157883173037893,0.144908805841831,0.172169779783417,0.183446103396294,0.224889368537132,0.220379429766707,0.240970380550829,0.238071103210421,0.245980273769021,0.225697776150585,0.220899253486216,0.232118410124747,0.219378970198268,0.201055872213656,0.221777056330015,0.156379341546491,0.239863146846147,0.226223428669354,0.087708609010523,0,NA,NA,NA,NA,NA,NA,NA,NA,NA,NA,NA,NA,NA,NA,NA,NA,NA,NA,NA,NA,NA,NA,NA,NA,NA,NA,NA,NA,NA,NA,NA,NA,NA,NA,NA,NA,NA,NA,NA,NA,NA,NA,NA,NA,NA,NA,NA,NA,NA,NA,NA
"S_05_829",0.128113978876289,0.156237512943645,0.154670113540959,0.166601293876795,0.180416764008348,0.219419887630344,0.213034218488935,0.233003811960195,0.218327824783091,0.237803177975389,0.220228295243797,0.223215433408423,0.22863109042195,0.228219102261833,0.196743850010728,0.23260723880159,0.158134072025799,0.237809603046969,0.217224407665943,0.089545071110479,0.0743660639645761,0,NA,NA,NA,NA,NA,NA,NA,NA,NA,NA,NA,NA,NA,NA,NA,NA,NA,NA,NA,NA,NA,NA,NA,NA,NA,NA,NA,NA,NA,NA,NA,NA,NA,NA,NA,NA,NA,NA,NA,NA,NA,NA,NA,NA,NA,NA,NA,NA,NA,NA
"S_05_829B",0.128113978876289,0.156237512943645,0.154670113540959,0.166601293876795,0.180416764008348,0.219419887630344,0.213034218488935,0.233003811960195,0.218327824783091,0.237803177975389,0.220228295243797,0.223215433408423,0.22863109042195,0.228219102261833,0.196743850010728,0.23260723880159,0.158134072025799,0.237809603046969,0.217224407665943,0.089545071110479,0.0743660639645761,0,0,NA,NA,NA,NA,NA,NA,NA,NA,NA,NA,NA,NA,NA,NA,NA,NA,NA,NA,NA,NA,NA,NA,NA,NA,NA,NA,NA,NA,NA,NA,NA,NA,NA,NA,NA,NA,NA,NA,NA,NA,NA,NA,NA,NA,NA,NA,NA,NA,NA
"S_05_830",0.120523083985505,0.133674404314323,0.126647482706738,0.145864669773508,0.148444066638135,0.200665424731048,0.198232329905462,0.202336619654306,0.21146654717342,0.22511488705493,0.191602083865347,0.206494878960026,0.201959730798849,0.193661922539914,0.177943334934307,0.217864638638513,0.135465080171458,0.211054906618119,0.190634108311195,0.0772902620631008,0.0660080240939284,0.0708305694222031,0.0708305694222031,0,NA,NA,NA,NA,NA,NA,NA,NA,NA,NA,NA,NA,NA,NA,NA,NA,NA,NA,NA,NA,NA,NA,NA,NA,NA,NA,NA,NA,NA,NA,NA,NA,NA,NA,NA,NA,NA,NA,NA,NA,NA,NA,NA,NA,NA,NA,NA,NA
"S_05_831",0.170024874491926,0.161737068509684,0.163852914523294,0.173954268182054,0.197511197367649,0.243469142863014,0.241036048037428,0.247074395857137,0.262600648461079,0.256003882622236,0.240228961950466,0.227231503063313,0.24261733239669,0.236203176610054,0.212338707968634,0.250698184450629,0.167852321494721,0.243864111955676,0.245003971773019,0.104864519643992,0.0849668699512166,0.0984400728132525,0.0984400728132525,0.0915925608706323,0,NA,NA,NA,NA,NA,NA,NA,NA,NA,NA,NA,NA,NA,NA,NA,NA,NA,NA,NA,NA,NA,NA,NA,NA,NA,NA,NA,NA,NA,NA,NA,NA,NA,NA,NA,NA,NA,NA,NA,NA,NA,NA,NA,NA,NA,NA,NA
"S_05_832",0.166543539380613,0.164075342451635,0.162507943048949,0.198681537017484,0.211410293710676,0.253954101372783,0.251521006547197,0.243358160890382,0.252668829811215,0.258342156564187,0.24054907173618,0.237650629059203,0.259140241330598,0.242557520206895,0.214676981910585,0.244955606338641,0.16047234596775,0.266652996368917,0.24734224571497,0.100365160108339,0.092647988303663,0.0973360025642306,0.0973360025642306,0.080041722651916,0.107698789599777,0,NA,NA,NA,NA,NA,NA,NA,NA,NA,NA,NA,NA,NA,NA,NA,NA,NA,NA,NA,NA,NA,NA,NA,NA,NA,NA,NA,NA,NA,NA,NA,NA,NA,NA,NA,NA,NA,NA,NA,NA,NA,NA,NA,NA,NA,NA
"S_07_810",0.169238915923359,0.163407461407836,0.1654897010927,0.170121578946924,0.204506688480986,0.258353776662924,0.25388609313955,0.274220876696306,0.261150143421005,0.272964738196059,0.263243822596025,0.240065189986755,0.255451019320132,0.269313454060166,0.243000216319379,0.263548229552751,0.19640636398623,0.275134309978707,0.243823415321649,0.075342502486727,0.0940118341445887,0.0870933649077326,0.0870933649077326,0.0885230362617055,0.102386781077231,0.130745603721078,0,NA,NA,NA,NA,NA,NA,NA,NA,NA,NA,NA,NA,NA,NA,NA,NA,NA,NA,NA,NA,NA,NA,NA,NA,NA,NA,NA,NA,NA,NA,NA,NA,NA,NA,NA,NA,NA,NA,NA,NA,NA,NA,NA,NA,NA
"S_07_817",0.195789296836723,0.18717778361248,0.172754376108261,0.192021696781101,0.228982766862061,0.290102960097104,0.285588699067692,0.283312036237901,0.280455896372319,0.300709288328788,0.290911367710556,0.261326885148606,0.270608931543965,0.282511395554415,0.252091375860974,0.272639389094347,0.217497667530936,0.298793885348593,0.258896646540792,0.112839916188056,0.124609198907148,0.108059133870041,0.108059133870041,0.11500593851517,0.127008882649703,0.148662945890945,0.0528481398986955,0,NA,NA,NA,NA,NA,NA,NA,NA,NA,NA,NA,NA,NA,NA,NA,NA,NA,NA,NA,NA,NA,NA,NA,NA,NA,NA,NA,NA,NA,NA,NA,NA,NA,NA,NA,NA,NA,NA,NA,NA,NA,NA,NA,NA
"S_07_818",0.193223243562097,0.182652865852521,0.177395425362382,0.187496779021142,0.232239989544157,0.28349687613332,0.278986937362894,0.278787118477943,0.280046210757466,0.29409450564937,0.278087647135902,0.250698184450629,0.276277781973549,0.282110194978318,0.249572476827881,0.270149060032175,0.214986849142678,0.296367604245555,0.256373731451506,0.106621517921763,0.107482854269185,0.103534216110082,0.103534216110082,0.113995962862655,0.122483964889744,0.138832975901293,0.0515232248694073,0.0244184582795296,0,NA,NA,NA,NA,NA,NA,NA,NA,NA,NA,NA,NA,NA,NA,NA,NA,NA,NA,NA,NA,NA,NA,NA,NA,NA,NA,NA,NA,NA,NA,NA,NA,NA,NA,NA,NA,NA,NA,NA,NA,NA,NA,NA
"S_07_819",0.141768720449215,0.132836864208792,0.138489712779593,0.148591066438353,0.177109196485736,0.226297082974799,0.225874039077237,0.231928679114154,0.233138089358692,0.236752190095728,0.227105490588252,0.230261655761382,0.225526081895338,0.225122014370456,0.205257551062382,0.241590684399144,0.168614342049494,0.238809298194656,0.210143250759691,0.0774091435426028,0.0761110896865958,0.0930845418744701,0.0930845418744701,0.0706222918037127,0.0896362625955541,0.128788509660221,0.0452116788520634,0.0690693085099597,0.0595979668146752,0,NA,NA,NA,NA,NA,NA,NA,NA,NA,NA,NA,NA,NA,NA,NA,NA,NA,NA,NA,NA,NA,NA,NA,NA,NA,NA,NA,NA,NA,NA,NA,NA,NA,NA,NA,NA,NA,NA,NA,NA,NA,NA
"S_23_7387",0.140477847100701,0.151806012868004,0.159387808118906,0.171329088699673,0.185300640555935,0.226590354832748,0.222163241400297,0.25034933556466,0.227437241273742,0.239027335714164,0.243495689488375,0.220431569749659,0.221914493914045,0.237427334348828,0.199837962867329,0.235817399083036,0.169025495342433,0.249173640360986,0.210588871426392,0.121384128291654,0.10391659082572,0.106316274568276,0.106316274568276,0.10489543976428,0.154411028417611,0.129744961167887,0.122366911537569,0.15982876820838,0.149922671543904,0.107968797630778,0,NA,NA,NA,NA,NA,NA,NA,NA,NA,NA,NA,NA,NA,NA,NA,NA,NA,NA,NA,NA,NA,NA,NA,NA,NA,NA,NA,NA,NA,NA,NA,NA,NA,NA,NA,NA,NA,NA,NA,NA,NA
"S_24_851",0.1677119567612,0.181991213368416,0.178559880527667,0.213167644374249,0.218394578868714,0.255011984874623,0.250540153359189,0.281262868216714,0.270099440497681,0.263485843325628,0.257863294117876,0.271649855742078,0.258167701074603,0.239640233012972,0.24163575749612,0.266331011713763,0.193015885916091,0.2635745651346,0.256497539755317,0.150553981338881,0.113767278937982,0.142548273045998,0.142548273045998,0.125402317073439,0.153359189150214,0.162970222421245,0.148005917456353,0.176899704294128,0.177844262338705,0.119466774793305,0.148960687691934,0,NA,NA,NA,NA,NA,NA,NA,NA,NA,NA,NA,NA,NA,NA,NA,NA,NA,NA,NA,NA,NA,NA,NA,NA,NA,NA,NA,NA,NA,NA,NA,NA,NA,NA,NA,NA,NA,NA,NA,NA
"S_24_852",0.134970316985362,0.15913092282255,0.159410246013029,0.191942446659971,0.195060582571384,0.235153408614352,0.230698068407997,0.246876394147109,0.242010707215453,0.251757393148606,0.24818192756258,0.255746034154576,0.230309868967697,0.223919761566413,0.213938904140367,0.22631784769816,0.175329126155439,0.249794832187021,0.228704487074489,0.131708063392996,0.0947924202401931,0.127242001521093,0.127242001521093,0.106505377417805,0.141630738973192,0.149418617682708,0.138061589072833,0.15792484559634,0.15882980543075,0.105976209622884,0.119342672764137,0.0537378582545646,0,NA,NA,NA,NA,NA,NA,NA,NA,NA,NA,NA,NA,NA,NA,NA,NA,NA,NA,NA,NA,NA,NA,NA,NA,NA,NA,NA,NA,NA,NA,NA,NA,NA,NA,NA,NA,NA,NA,NA
"S_24_853",0.161937157267316,0.176409803530221,0.176699414874748,0.20556304498903,0.21257496981545,0.261153252896706,0.256668875300562,0.27918170201289,0.272163424718532,0.269639708900006,0.259910377739601,0.273744097345193,0.258167701074603,0.249690568866474,0.235617685170557,0.258167701074603,0.197007907185628,0.269753781500558,0.256497539755317,0.145211136928386,0.111950748011584,0.14075776227221,0.14075776227221,0.114668761430331,0.164288259682404,0.168459714706016,0.148005917456353,0.17508317336773,0.177844262338705,0.121232000317874,0.136404468916521,0.0588873373335435,0.0520890532643807,0,NA,NA,NA,NA,NA,NA,NA,NA,NA,NA,NA,NA,NA,NA,NA,NA,NA,NA,NA,NA,NA,NA,NA,NA,NA,NA,NA,NA,NA,NA,NA,NA,NA,NA,NA,NA,NA,NA
"S_24_854",0.181675608175566,0.195561402087441,0.192108987988984,0.219304775007044,0.232449430939788,0.301127641727407,0.296564620643996,0.298266617821109,0.303828670925451,0.303303272978473,0.295559832201584,0.295105326510278,0.297752130066225,0.280694095523794,0.272522164134567,0.283092181655541,0.225664916719621,0.314267170185326,0.277197200200147,0.149301949368776,0.116080313132373,0.162944982673685,0.162944982673685,0.122334172363314,0.172110949687765,0.159823734410737,0.157474617246157,0.190181769859093,0.187496779021142,0.130637262821757,0.158520130407092,0.0546644005481493,0.0544020874587719,0.0661305376357935,0,NA,NA,NA,NA,NA,NA,NA,NA,NA,NA,NA,NA,NA,NA,NA,NA,NA,NA,NA,NA,NA,NA,NA,NA,NA,NA,NA,NA,NA,NA,NA,NA,NA,NA,NA,NA,NA
"S_27_816",0.141709407342875,0.144056475561143,0.151538911678375,0.16710974114167,0.186528627333939,0.231708492425463,0.229275397599877,0.239342091235492,0.238541450552005,0.254268831176551,0.244589481273185,0.229569777005264,0.240939536683751,0.218699529753001,0.204901733005943,0.223064184856788,0.170190595436672,0.252293775291029,0.209825506330036,0.0952674430366706,0.0819906938296751,0.104232581623291,0.104232581623291,0.0731688433641539,0.123447146567916,0.11525900752288,0.108155590115971,0.125874930880905,0.124822238831695,0.0885381070389238,0.106916928611686,0.134191257871201,0.108378067812441,0.113137848673369,0.131199239835899,0,NA,NA,NA,NA,NA,NA,NA,NA,NA,NA,NA,NA,NA,NA,NA,NA,NA,NA,NA,NA,NA,NA,NA,NA,NA,NA,NA,NA,NA,NA,NA,NA,NA,NA,NA,NA
"S_31_6083",0.144265730417638,0.142739767630251,0.139368941228415,0.165819432888704,0.177753434920552,0.212715008339131,0.208315344541504,0.230227932365239,0.223468982098121,0.237021316987298,0.237428936806138,0.206528664580668,0.216014771786856,0.221490742086016,0.182513179210023,0.216014771786856,0.153491202380249,0.237027742058878,0.20864523621782,0.107519088154482,0.0788705588996327,0.0873665257886135,0.0873665257886135,0.0838420305664473,0.123860584219185,0.113885597927779,0.1188765065978,0.145542810960903,0.141017893200944,0.106215948803364,0.0951536975256237,0.131071122941159,0.114037620534444,0.134623524545527,0.140501624904414,0.0862976414089503,0,NA,NA,NA,NA,NA,NA,NA,NA,NA,NA,NA,NA,NA,NA,NA,NA,NA,NA,NA,NA,NA,NA,NA,NA,NA,NA,NA,NA,NA,NA,NA,NA,NA,NA,NA
"S_33_8366",0.149081674959682,0.161768159414374,0.154670792002227,0.177723298008065,0.188188223824475,0.221873338716069,0.219440243890482,0.239553273371598,0.22870229683461,0.252547907147265,0.232711920689459,0.242058528972582,0.229102380303684,0.222720225157063,0.19512094675065,0.227108361696819,0.156511168765722,0.242422035546519,0.221558451477412,0.128958750686531,0.0776933694880774,0.120915047750888,0.120915047750888,0.0913522410193284,0.129819826093848,0.132158100035799,0.126429583072935,0.1551117520917,0.163256687072793,0.101498932686684,0.120133186762797,0.147860312045443,0.125320945764206,0.149673549169624,0.157446105568914,0.103937532393547,0.102558041941289,0,NA,NA,NA,NA,NA,NA,NA,NA,NA,NA,NA,NA,NA,NA,NA,NA,NA,NA,NA,NA,NA,NA,NA,NA,NA,NA,NA,NA,NA,NA,NA,NA,NA,NA
"S_33_8367",0.14635340357611,0.155933776387898,0.13638028061543,0.16628426157037,0.189284048879306,0.232360467389161,0.225951224183935,0.241984084798054,0.241183444114567,0.250815617177167,0.24923347750642,0.232203722310476,0.221820038464801,0.221380816818387,0.19218753062942,0.221820038464801,0.155491628826776,0.244791873222156,0.218353002589669,0.12566393537232,0.084869464538341,0.108876577856526,0.108876577856526,0.0881399537532387,0.131624715382463,0.119903003756115,0.128384317365905,0.144480759495909,0.147010544715839,0.106999248825301,0.0943487959637999,0.147740032447396,0.127106803927415,0.156724818855212,0.157234426050452,0.118159324151288,0.0824741865430871,0.0964811216926952,0,NA,NA,NA,NA,NA,NA,NA,NA,NA,NA,NA,NA,NA,NA,NA,NA,NA,NA,NA,NA,NA,NA,NA,NA,NA,NA,NA,NA,NA,NA,NA,NA,NA
"S_33_8368",0.122532569038094,0.129184465471935,0.122293184816499,0.150252155875266,0.163609645691967,0.195935442397275,0.193502347571689,0.223073243757594,0.214398546643201,0.229819103627169,0.214305276940675,0.211263099884582,0.187809095901695,0.196905389195684,0.173798292660858,0.19930347532743,0.146595482469306,0.211988903425227,0.203618755610165,0.125662496338474,0.0796524198877241,0.0984400728132525,0.0984400728132525,0.0881021559308636,0.124642445207276,0.130526822155978,0.12314877252566,0.144553192300612,0.141799754189035,0.0948131507750878,0.095935558513715,0.130081504280868,0.0938763076772922,0.121270874598713,0.152055582874416,0.0990556934437572,0.0839593674669992,0.0843574520170903,0.0765333331363017,0,NA,NA,NA,NA,NA,NA,NA,NA,NA,NA,NA,NA,NA,NA,NA,NA,NA,NA,NA,NA,NA,NA,NA,NA,NA,NA,NA,NA,NA,NA,NA,NA
"S_34_8369",0.139046182373274,0.150511569880834,0.154403692683047,0.166331530867841,0.163319570071928,0.215056932995344,0.210657269197717,0.224633307425716,0.212044710990187,0.221487889816548,0.209977197983574,0.214805324756695,0.21835669644307,0.231769216337965,0.196371545927796,0.216397831957737,0.148155546137427,0.233351594389528,0.214878216367,0.120241728865256,0.0954475993777178,0.0982774831699281,0.0982774831699281,0.0914058992038123,0.129748611882149,0.116227522583992,0.12296211085884,0.151437137221484,0.14869316383252,0.106808091735789,0.104404112525649,0.138746393572735,0.125236999024718,0.14410833671412,0.155422331767487,0.104064036390795,0.0872215592056515,0.0962268853440733,0.113902849501134,0.0948410536713468,0,NA,NA,NA,NA,NA,NA,NA,NA,NA,NA,NA,NA,NA,NA,NA,NA,NA,NA,NA,NA,NA,NA,NA,NA,NA,NA,NA,NA,NA,NA,NA
"S_34_8372",0.128817658878514,0.129452615611704,0.133285769389018,0.145193808272727,0.179309776882287,0.236831140586757,0.232367588210789,0.244497325423901,0.229540735510281,0.247335422795597,0.245802858839371,0.222595306764613,0.231938821642028,0.235583049966244,0.190011499210956,0.225932797581816,0.15723264153682,0.24946704623437,0.212477521492487,0.103080768594851,0.0888097440136861,0.0863292687956413,0.0863292687956413,0.077693051626441,0.119520088387389,0.118312259322589,0.109249263281469,0.125321253964405,0.133131294362397,0.0948328429060872,0.0855474078075498,0.121413044454229,0.107916247220466,0.121413044454229,0.136192847413751,0.0886675427375921,0.0668234565412622,0.106941535694556,0.0847571668741688,0.0984296757297287,0.0759335965436141,0,NA,NA,NA,NA,NA,NA,NA,NA,NA,NA,NA,NA,NA,NA,NA,NA,NA,NA,NA,NA,NA,NA,NA,NA,NA,NA,NA,NA,NA,NA
"S_50_824",0.122329481965203,0.106351452924199,0.0992945612367414,0.111222399421535,0.13823145488048,0.183853322402593,0.179406128205305,0.197582128774568,0.18667017848676,0.204497716473852,0.18063757971632,0.187867070277086,0.185052194963617,0.190702442014699,0.170647486641234,0.195122773527213,0.144037852659416,0.214906447314814,0.187438834339946,0.105954591939206,0.0918204237665558,0.0925611070531991,0.0925611070531991,0.0827336820502653,0.112653107135888,0.120541811608488,0.10700388697436,0.132563854229224,0.126195617974975,0.085479950146947,0.104518271842538,0.132962328688931,0.115631622963239,0.140481161102958,0.146574918137255,0.100339104290968,0.0917792460651079,0.109000952624282,0.112282403005815,0.0961842994226194,0.105030369821675,0.0984648540856514,0,NA,NA,NA,NA,NA,NA,NA,NA,NA,NA,NA,NA,NA,NA,NA,NA,NA,NA,NA,NA,NA,NA,NA,NA,NA,NA,NA,NA,NA
"S_50_825",0.144155286564349,0.122063311177046,0.127690187408388,0.13059726543312,0.181333279378096,0.233270147303915,0.228802463780541,0.226755845141162,0.227969303829376,0.237666515427331,0.221932656615259,0.225113359558153,0.218343196994321,0.234036056511614,0.207946414640519,0.222335218263858,0.1673544754516,0.229600070148407,0.214771526787019,0.136222424259932,0.116123896121854,0.130039447799165,0.130039447799165,0.10210854806185,0.140928847598433,0.148756613825155,0.153574919676208,0.175545742081464,0.178455802809023,0.122958290892913,0.141973471136376,0.170376446724033,0.154916648934154,0.166645099111175,0.183967795956132,0.128774114237817,0.118485489829162,0.146439256002032,0.137021717974351,0.113924506406758,0.133406196692235,0.117767380469228,0.0910360910233598,0,NA,NA,NA,NA,NA,NA,NA,NA,NA,NA,NA,NA,NA,NA,NA,NA,NA,NA,NA,NA,NA,NA,NA,NA,NA,NA,NA,NA
"S_50_826",0.137652979136059,0.118361707114414,0.123899133335473,0.134000486994233,0.169284069185322,0.207997992222451,0.203598328424824,0.205786410900781,0.197203629775239,0.208540806418433,0.197064581959221,0.191998027015664,0.184216797067506,0.191406512090913,0.166410840868219,0.197665606880119,0.141096605364535,0.198677486583662,0.19234507901151,0.134273200750024,0.108298818564155,0.122689671109256,0.122689671109256,0.0948733714179071,0.129819826093848,0.133948610809587,0.140639413645588,0.165961768115766,0.17056933391908,0.108528838614943,0.120133186762797,0.175410263813674,0.148894113482273,0.155133071374523,0.174005821607932,0.105678176871331,0.106048446881058,0.108349003423025,0.117315208595537,0.0963954305765693,0.126027513023377,0.108706761219125,0.0961449445227478,0.0943160477856676,0,NA,NA,NA,NA,NA,NA,NA,NA,NA,NA,NA,NA,NA,NA,NA,NA,NA,NA,NA,NA,NA,NA,NA,NA,NA,NA,NA
"S_53_465",0.172363148433877,0.140459349380293,0.138891949977607,0.143621759834456,0.1998494713096,0.239740664122728,0.23529346992544,0.249412669799088,0.242557520206895,0.268598656731376,0.258860875378518,0.239681086609585,0.238937534013078,0.26493892240303,0.224548730389739,0.244955606338641,0.18395679120082,0.252293775291029,0.227421268220416,0.149240506781337,0.149596340174559,0.143038156045086,0.143038156045086,0.13497138468285,0.163020655632424,0.165358929574375,0.155657924100975,0.175618755879474,0.174743477207064,0.1468070151629,0.160405613562672,0.192602020027616,0.1827550379503,0.192602020027616,0.210066859242609,0.147176610491185,0.142256295056995,0.181664083849253,0.15182060672442,0.157531163347653,0.177507953802006,0.137973303721746,0.111308135661542,0.114488156990341,0.133948610809587,0,NA,NA,NA,NA,NA,NA,NA,NA,NA,NA,NA,NA,NA,NA,NA,NA,NA,NA,NA,NA,NA,NA,NA,NA,NA,NA
"S_54_803",0.113847332000647,0.117192205131076,0.124482259562452,0.148920776367619,0.164185418581705,0.188939627233018,0.184581603997847,0.21206438081989,0.207349840815267,0.206998622049341,0.205282327808655,0.198275996934773,0.192322510233154,0.207349840815267,0.17066348615406,0.201965786504959,0.133945856321169,0.216728153349335,0.200483949103367,0.11034303081531,0.0907527292027982,0.0935826129950086,0.0935826129950086,0.0867110290288928,0.123279118348861,0.120312340061119,0.118267240683921,0.134363682813925,0.140439571040606,0.109130794219516,0.104922112539262,0.1394134665392,0.116989727245431,0.141207188993227,0.150727461592568,0.102829377280771,0.0791253252072418,0.108954058615818,0.095414657193879,0.0884323870186928,0.105523392717691,0.0866368064798163,0.0786348289136372,0.094930336659853,0.103695501362351,0.0924844574383783,0,NA,NA,NA,NA,NA,NA,NA,NA,NA,NA,NA,NA,NA,NA,NA,NA,NA,NA,NA,NA,NA,NA,NA,NA,NA
"S_54_804",0.138442245282584,0.160710702967734,0.140861258727599,0.167401338729519,0.18137289058578,0.21669243787609,0.212277181846512,0.236310275990185,0.213618213824845,0.229093561683797,0.225469015138719,0.222521892105068,0.216016299956591,0.233499584378674,0.182409525678272,0.208173122495565,0.153424461067554,0.237132255616662,0.210559761871894,0.115712698716672,0.103618608906145,0.105872848680732,0.105872848680732,0.0956626375644321,0.127037659872775,0.12050276113424,0.136076303053521,0.154104072561524,0.153176280982414,0.116397780349529,0.113855285686229,0.141429330218481,0.124319701136943,0.152279346242547,0.160061856241473,0.116975420616271,0.0912259475554693,0.116205436792642,0.11460184419086,0.102388524598121,0.103948588266243,0.086787627995838,0.100590521872383,0.125329836840919,0.117980060151011,0.150998397827892,0.100994362569107,0,NA,NA,NA,NA,NA,NA,NA,NA,NA,NA,NA,NA,NA,NA,NA,NA,NA,NA,NA,NA,NA,NA,NA,NA
"S_54_805",0.131795703146033,0.143123868913336,0.121718127290986,0.153480977730925,0.191885968732055,0.21790821087808,0.213481097445629,0.245740516997628,0.216768999347444,0.238409751596226,0.230764957007707,0.221799761648493,0.213232349959377,0.226739171667295,0.198953129372693,0.205373763346855,0.152546040927733,0.234400107012916,0.209719267208517,0.10228522347873,0.106163517403243,0.101118454696219,0.101118454696219,0.0838783376516603,0.131235877160376,0.103456728638169,0.111938042247959,0.131555614776542,0.13945321701514,0.104563710776954,0.114396579276426,0.143895184207454,0.123149540380244,0.142085228962215,0.15165782316941,0.0982347846570178,0.0864715535709556,0.111451042808129,0.108100724871405,0.108123737284627,0.10617502542307,0.0924499948695801,0.092179816684759,0.115174889676405,0.115003444412496,0.137177758605625,0.0927617042082692,0.0842664569122473,0,NA,NA,NA,NA,NA,NA,NA,NA,NA,NA,NA,NA,NA,NA,NA,NA,NA,NA,NA,NA,NA,NA,NA
"S_99_855",0.188938409297116,0.153357728662475,0.149960502582714,0.158235371715439,0.202426299783612,0.259252052294886,0.25475070440524,0.244391128044124,0.231493565651808,0.26568300911609,0.225469015138719,0.244903294301203,0.221939318259713,0.249694270298654,0.207629097010388,0.237907721438444,0.184861234491118,0.26167336453278,0.228294216811663,0.156607285883325,0.152045202811619,0.137790451649037,0.137790451649037,0.138912621358249,0.183881558849304,0.171238279175638,0.161302865999197,0.155901018238225,0.160409585575934,0.143402121541204,0.171842543336579,0.193101340762802,0.187070911700418,0.200705940148021,0.218403893181892,0.154648036915442,0.135208410156798,0.165261593781836,0.159292033148677,0.145023756242557,0.166749489505273,0.139991664059303,0.117211403108423,0.136219236640187,0.139524879137787,0.116975420616271,0.125686975159479,0.142130676210709,0.139196118943182,0,NA,NA,NA,NA,NA,NA,NA,NA,NA,NA,NA,NA,NA,NA,NA,NA,NA,NA,NA,NA,NA,NA
"S_99_856",0.151788487235479,0.144241895254466,0.121129676865004,0.161891682918549,0.18137289058578,0.253060082046964,0.248571488039282,0.248456174292293,0.239541898834636,0.267755548718062,0.245671722456239,0.238749428726825,0.229891646450208,0.225499541711598,0.197853848105746,0.248019031042765,0.167056609857611,0.263745904134752,0.232278285826537,0.138621189513543,0.110917911387756,0.123478937255781,0.123478937255781,0.106301035769488,0.150483278447456,0.132947366182324,0.154030106670117,0.159504625741524,0.164045953219318,0.130709294742785,0.138812017660097,0.161411829805819,0.142370732782511,0.168778345622582,0.167401338729519,0.109957847957625,0.0964028357350029,0.128694448363417,0.112855118855918,0.111122204566876,0.142960627541259,0.114810477429143,0.0860448108700043,0.10390044538502,0.11443395714426,0.122271108190982,0.0992537180913236,0.131280660186644,0.10693525672496,0.115223223290785,0,NA,NA,NA,NA,NA,NA,NA,NA,NA,NA,NA,NA,NA,NA,NA,NA,NA,NA,NA,NA,NA
"S_99_857",0.170407348271858,0.125841740721472,0.134988729531193,0.163206520695255,0.156504518811888,0.225807269316376,0.221380155883925,0.237444889515943,0.218733322265926,0.258528921369297,0.228613679592501,0.23577786616317,0.20741914653369,0.226654155757369,0.191317894848804,0.22310574270139,0.172163983479242,0.242299165451212,0.217618325646813,0.168867783745116,0.151380338848733,0.140935116102819,0.140935116102819,0.122001918998682,0.168334090290934,0.161455709127961,0.171773570545052,0.190098406033592,0.200527037940692,0.155712753009066,0.152846081913147,0.194353857064546,0.165755278584039,0.188698799581201,0.206163638796194,0.145076817043921,0.125841740721472,0.151785376999578,0.144320260097156,0.133753756694155,0.15518800656936,0.134070083275331,0.0982557205615395,0.132091141764889,0.121124724604793,0.121882200063453,0.11113206251386,0.145275340664491,0.126080262525183,0.107804409234998,0.102564222571441,0,NA,NA,NA,NA,NA,NA,NA,NA,NA,NA,NA,NA,NA,NA,NA,NA,NA,NA,NA,NA
"W_26_6364",0.214049025423585,0.297008395210353,0.322667808507881,0.324312452148417,0.318727677795228,0.357592071052077,0.350704625877111,0.40190880950267,0.389574015573896,0.37977138484142,0.385551467731481,0.369729102646129,0.364821112639692,0.355748919420252,0.345096513039167,0.389681149959087,0.278254675426689,0.38258770532851,0.351703565480056,0.268882424484474,0.200283894448561,0.243505572711371,0.243505572711371,0.242532437726923,0.267269067163557,0.281704262814337,0.268118482395448,0.31770100329178,0.304945586395305,0.252203835909084,0.238817456756215,0.262737953917298,0.239175046093274,0.258777552701202,0.271021155098194,0.247802711138655,0.232986536445422,0.238006695606601,0.236882190830779,0.239599317744306,0.250953779004716,0.227039802424701,0.246309441484319,0.269166993313286,0.273867111767615,0.291898031003879,0.220990314654911,0.266575525860201,0.255803059550125,0.316070163464897,0.280760160852158,0.290046093328022,0,NA,NA,NA,NA,NA,NA,NA,NA,NA,NA,NA,NA,NA,NA,NA,NA,NA,NA,NA
"W_26_6365",0.206570561667368,0.291376381256778,0.327549309836939,0.32913997382779,0.321474706595653,0.353854118955095,0.351421024129509,0.402723394149097,0.390361931064534,0.382808550443382,0.377186001235631,0.372787023855997,0.365547453671395,0.356460379388853,0.345793288827768,0.385887137908518,0.276746378656977,0.378798905860072,0.356810507829062,0.273344294701265,0.208608518595087,0.251830196857897,0.251830196857897,0.251054315317148,0.271790939420435,0.290389734234167,0.270586334005374,0.312068989338205,0.299347304374067,0.250695539139371,0.253026575881912,0.265205805527225,0.249501206970564,0.265205805527225,0.281561196844655,0.252194136496131,0.241215414953567,0.254267869348863,0.258812467033083,0.241997275941658,0.253390260526019,0.237250389768202,0.257301307478838,0.271740334863222,0.290783082323961,0.298620233370682,0.227189185130136,0.273148081144427,0.264345098633913,0.318799161170699,0.295713141136517,0.290593295740405,0.0259743489241192,0,NA,NA,NA,NA,NA,NA,NA,NA,NA,NA,NA,NA,NA,NA,NA,NA,NA,NA
"W_44_934",0.251158140383061,0.329322496066797,0.347342229939416,0.366273663046448,0.370129748132578,0.393375854251333,0.388609036079526,0.399007450390689,0.412324691252987,0.423448574129577,0.42985986448555,0.418476288262054,0.431449571190047,0.386592277286509,0.389522248758975,0.421857171498607,0.301015499629423,0.409915048035012,0.398329522109466,0.297423547984427,0.232361839913661,0.315130815264726,0.315130815264726,0.265103394240373,0.300378176789687,0.311119861528018,0.311197764341428,0.343570398705582,0.35414824913138,0.282891098722318,0.27480165718838,0.281022577250063,0.263190344135023,0.274918794312045,0.295656095832494,0.269791666035172,0.280942925210462,0.257914105451445,0.272413416887639,0.267453392093221,0.295681702843504,0.271005043601358,0.296142422552009,0.284024270062959,0.311757337472268,0.332442630996839,0.272448711669673,0.306183909830965,0.288824306927469,0.342786488808511,0.316811002405251,0.332859071694941,0.2042617347717,0.191621597633142,0,NA,NA,NA,NA,NA,NA,NA,NA,NA,NA,NA,NA,NA,NA,NA,NA,NA
"W_45_10195",0.165178510236575,0.282609557142061,0.27475941455988,0.312375731503909,0.313469671197598,0.351386217817969,0.346667407711527,0.366213281050425,0.363105834269023,0.378627174152966,0.370670901598995,0.375790446121519,0.335989859887605,0.344840486291729,0.336303258094787,0.36090621115214,0.260119999545435,0.369955516463845,0.345110531445278,0.25988362795965,0.184997423999023,0.240219246264944,0.240219246264944,0.223514885689595,0.258493866508425,0.26699865536604,0.261150143421005,0.288703365802336,0.286250987644349,0.227120017033129,0.21361668565511,0.223766883856682,0.19254463899866,0.231672063363795,0.226079918051073,0.232547426611794,0.219516407782298,0.218751965981442,0.217466917497251,0.204642371697836,0.237763240278176,0.211629808943751,0.223559607172474,0.236066514061995,0.259161504319319,0.275280276197762,0.207349840815267,0.233499584378674,0.22874519039416,0.29563136548568,0.245620944911019,0.292386231840691,0.166430464259687,0.157609520643687,0.173195844218197,0,NA,NA,NA,NA,NA,NA,NA,NA,NA,NA,NA,NA,NA,NA,NA,NA
"W_45_10195B",0.165178510236575,0.282609557142061,0.27475941455988,0.312375731503909,0.313469671197598,0.351386217817969,0.346667407711527,0.366213281050425,0.363105834269023,0.378627174152966,0.370670901598995,0.375790446121519,0.335989859887605,0.344840486291729,0.336303258094787,0.36090621115214,0.260119999545435,0.369955516463845,0.345110531445278,0.25988362795965,0.184997423999023,0.240219246264944,0.240219246264944,0.223514885689595,0.258493866508425,0.26699865536604,0.261150143421005,0.288703365802336,0.286250987644349,0.227120017033129,0.21361668565511,0.223766883856682,0.19254463899866,0.231672063363795,0.226079918051073,0.232547426611794,0.219516407782298,0.218751965981442,0.217466917497251,0.204642371697836,0.237763240278176,0.211629808943751,0.223559607172474,0.236066514061995,0.259161504319319,0.275280276197762,0.207349840815267,0.233499584378674,0.22874519039416,0.29563136548568,0.245620944911019,0.292386231840691,0.166430464259687,0.157609520643687,0.173195844218197,0,0,NA,NA,NA,NA,NA,NA,NA,NA,NA,NA,NA,NA,NA,NA,NA
"W_65_1775",0.160207060799286,0.276944866775795,0.28372824659053,0.325781200055892,0.303118972640572,0.335785186401571,0.328877811181063,0.359516824184544,0.347365323832367,0.378749886555231,0.38482337711067,0.345728440299427,0.340774585395681,0.338376499263934,0.325445206532409,0.367987148920565,0.271433583935974,0.372417360555781,0.347645537219338,0.244587357410676,0.189782149507098,0.238985899447456,0.238985899447456,0.224267347669732,0.259188606764976,0.24734224571497,0.24183731735002,0.277060617168463,0.282771203302531,0.233906745211877,0.222330689303075,0.248432979918587,0.228704487074489,0.268717651090092,0.260836917094941,0.215656426640829,0.212536291710787,0.215647104214355,0.220300422874065,0.205551123361219,0.240545963115578,0.210514812324638,0.230434197600008,0.246967466587507,0.251650992970357,0.259488144017078,0.196630379787377,0.240294360814773,0.23553996683026,0.300416090993755,0.24634886972348,0.278242947463248,0.160266175278092,0.162394246151763,0.189237724250906,0.129200284724588,0.129200284724588,0,NA,NA,NA,NA,NA,NA,NA,NA,NA,NA,NA,NA,NA,NA
"W_66_941",0.18575028314521,0.319037672548879,0.304594558786148,0.356051098126822,0.348698601906206,0.371631139931081,0.362277602260921,0.400683010278535,0.397515504584782,0.408616765074257,0.412586615557946,0.394029020507292,0.385828850834789,0.381102474943452,0.377079927101036,0.407031058485392,0.286363232320682,0.392744585181127,0.402300230092857,0.278814711410824,0.193734739260655,0.261102459828684,0.261102459828684,0.242404572415245,0.267231181770057,0.261406145072847,0.273960784070273,0.305756737305625,0.303321684465125,0.260150024863805,0.24616464961046,0.260450129508874,0.232657076828045,0.274721523614206,0.264789506848497,0.259375687522465,0.242156628212921,0.243457684421805,0.236017854207208,0.231009918335739,0.254548888722636,0.228287957696827,0.261960114257665,0.282075224120859,0.292952322026501,0.311416565647509,0.233821611016668,0.262521570811811,0.249603866188137,0.330344167150573,0.272820323012386,0.309652383449843,0.156985460438128,0.157280590667566,0.170801319110984,0.175791399924798,0.175791399924798,0.130704295392701,0,NA,NA,NA,NA,NA,NA,NA,NA,NA,NA,NA,NA,NA
"W_66_941B",0.185368578743922,0.314512372035941,0.300096830155406,0.351463539015592,0.344096161731872,0.366951197799784,0.359909799888004,0.395948342895352,0.392786426026185,0.403865171346064,0.407812073154463,0.389277426779098,0.381132758702281,0.376411791154395,0.372389243311979,0.402285133707508,0.283995429947764,0.388021069115751,0.39757115153426,0.274399825416183,0.193356987295748,0.258734657455767,0.258734657455767,0.240036770042328,0.262816295775415,0.257007885149548,0.269554245007508,0.301303428441687,0.298864017172749,0.255735138869163,0.241790828510677,0.256060081755189,0.228299224047118,0.270302438470732,0.260395361330348,0.254981542004316,0.235796804570467,0.237073812393998,0.233650051834291,0.224697337671805,0.246138771893756,0.221951896148289,0.259592311884748,0.279707421747942,0.28847258645044,0.306914290745959,0.229467710672121,0.25810668481717,0.241157017738838,0.327976364777655,0.26838426757541,0.305145542828177,0.158227770289311,0.156719473519598,0.173983947268716,0.177218668520433,0.177218668520433,0.130139920018934,0.00236780237291715,0,NA,NA,NA,NA,NA,NA,NA,NA,NA,NA,NA,NA
"W_66_941C",0.18575028314521,0.319037672548879,0.304594558786148,0.356051098126822,0.348698601906206,0.371631139931081,0.362277602260921,0.400683010278535,0.397515504584782,0.408616765074257,0.412586615557946,0.394029020507292,0.385828850834789,0.381102474943452,0.377079927101036,0.407031058485392,0.286363232320682,0.392744585181127,0.402300230092857,0.278814711410824,0.193734739260655,0.261102459828684,0.261102459828684,0.242404572415245,0.267231181770057,0.261406145072847,0.273960784070273,0.305756737305625,0.303321684465125,0.260150024863805,0.24616464961046,0.260450129508874,0.232657076828045,0.274721523614206,0.264789506848497,0.259375687522465,0.242156628212921,0.243457684421805,0.236017854207208,0.231009918335739,0.254548888722636,0.228287957696827,0.261960114257665,0.282075224120859,0.292952322026501,0.311416565647509,0.233821611016668,0.262521570811811,0.249603866188137,0.330344167150573,0.272820323012386,0.309652383449843,0.156985460438128,0.157280590667566,0.170801319110984,0.175791399924798,0.175791399924798,0.130704295392701,0,0.00236780237291715,0,NA,NA,NA,NA,NA,NA,NA,NA,NA,NA,NA
"W_66_942",0.200609220472149,0.309419524333728,0.292942370564755,0.335269928601263,0.316871138860895,0.347852284552606,0.345419189727019,0.369484222038402,0.375620025351573,0.400695283138274,0.397450856335491,0.364955163566082,0.35735147467476,0.364085872106286,0.344135797567769,0.375700613342957,0.280998591586628,0.375533263549738,0.368870597614361,0.257380522991604,0.188589073113286,0.251851502259543,0.251851502259543,0.223050318319525,0.255908302955157,0.256216119346726,0.246606487307477,0.279892375436129,0.281508725698252,0.232697764119021,0.227068489171908,0.247219982769538,0.223539199068675,0.249226001496404,0.261629938672758,0.232166864114056,0.213329313288604,0.210563517303187,0.22695856390428,0.216062394407957,0.243340987364069,0.211307833902455,0.239630629974205,0.274705123408776,0.264739251405211,0.289208802501075,0.220770765362186,0.249168234446529,0.238347087779778,0.305491774363574,0.263468784588726,0.27695480283724,0.161059196855909,0.16683690681713,0.173192181465894,0.157593954384519,0.157593954384519,0.131154839441061,0.0926231642088529,0.0902553618359357,0.0926231642088529,0,NA,NA,NA,NA,NA,NA,NA,NA,NA,NA
"W_67_10250",0.225324709545811,0.304918052744141,0.331159932039883,0.345609118634747,0.340320425372929,0.369484180883705,0.362484868078538,0.384311244116161,0.37660608808613,0.389740242696752,0.398136614668331,0.386821241964163,0.372147004491739,0.372029421058718,0.365726370517577,0.3882208293228,0.284746821493635,0.397399341947819,0.379099861847649,0.284085373963404,0.229280166059826,0.284822328710677,0.284822328710677,0.259961987423528,0.284822328710677,0.310150120877327,0.301859552873288,0.338349686602998,0.33810743063504,0.271561955438467,0.261567611870527,0.290261387784269,0.250017767299226,0.277940903396228,0.294642675042719,0.270766792876952,0.269681246644697,0.250808281297885,0.273380331559805,0.262349472858619,0.259877272998802,0.25368101303198,0.27347361542287,0.28722533938862,0.287622254420602,0.316512814665156,0.247166327835647,0.286330354363302,0.283657126582613,0.339704814954677,0.300990302773987,0.314739520476566,0.160955259607356,0.166641238471671,0.131547534228404,0.158982329995518,0.158982329995518,0.176766310047233,0.176987552187931,0.178351097427872,0.176987552187931,0.144468076998722,0,NA,NA,NA,NA,NA,NA,NA,NA,NA
"W_67_10251",0.214707942335621,0.296344187163752,0.309654851787245,0.321899828989257,0.325174794629305,0.347273740353771,0.342585853141095,0.368832863189228,0.363455555478329,0.369632223871076,0.384867904783735,0.380597553728728,0.370430308637487,0.34984990342255,0.357152504937188,0.375028017886116,0.265315085941197,0.377156732533053,0.359149309285152,0.275511508383015,0.212576174396187,0.27006924676433,0.27006924676433,0.231020819018705,0.276248463130288,0.286885539886934,0.29120884334806,0.317036795245179,0.320986504476192,0.258889723465796,0.25907279236652,0.251166333168993,0.229467710672121,0.247166327835647,0.269641335320382,0.248065548037352,0.246951431834176,0.226297823454684,0.250707541599914,0.237743199747181,0.251303407418413,0.239064832995628,0.26274689648138,0.259920437102168,0.281133895331234,0.29735683975423,0.232622295268753,0.26741513498818,0.260605241821571,0.311586353301318,0.277756488782913,0.295561101647379,0.159575669660994,0.16168401336147,0.115968386059606,0.163407718958768,0.163407718958768,0.192791603480212,0.148136494168391,0.149425002998585,0.148136494168391,0.135894211418333,0.0802657940365056,0,NA,NA,NA,NA,NA,NA,NA,NA
"W_67_10253",0.223492797762066,0.290545781622833,0.314349721962165,0.322312037372175,0.323340805921761,0.35649350512698,0.354060410301394,0.371236781617591,0.37272709268066,0.392846141813233,0.394257619262862,0.380597579599439,0.379722888061036,0.35005038400963,0.357301912740433,0.379722888061036,0.285244200687964,0.381851602707972,0.370654648462598,0.266021743565978,0.213230635034101,0.274764116939249,0.274764116939249,0.235715689193624,0.270665750546967,0.29994865973237,0.291762920856948,0.315422496226834,0.323555975338798,0.251389320546897,0.243646259342019,0.255861203343912,0.220369258714705,0.249867179403702,0.266222570721132,0.24080808468843,0.247638280611556,0.217253517746299,0.24347384090956,0.220804974566674,0.253988226665308,0.229801350919841,0.248271850548579,0.262555574314076,0.275444456200437,0.304159192268714,0.231382429923859,0.259839912571285,0.26530011199649,0.322753737981855,0.27416973812611,0.283519179466775,0.182485979727255,0.179141135150241,0.11024649537627,0.168102589133688,0.168102589133688,0.182277054991602,0.173108556782462,0.172604687847607,0.173108556782462,0.146028804889071,0.0815879797327859,0.0730141141523967,0,NA,NA,NA,NA,NA,NA,NA
"W_79_838",0.165178510236575,0.255664921898609,0.264375105254164,0.274476458912923,0.268733777356206,0.324296525171305,0.317418978585294,0.338876726886674,0.335831416349364,0.339676087568523,0.345353093614705,0.343229430072207,0.335989859887605,0.333591773755859,0.303077610466467,0.335989859887605,0.249332408416438,0.340170955106318,0.314065909763318,0.229911354423858,0.163364328643597,0.204642371697836,0.204642371697836,0.199561644667102,0.226233004290204,0.248612029115601,0.229147412334831,0.25611392370339,0.259637339126259,0.197561214791584,0.180826862832119,0.202344448269275,0.17531933271678,0.200419519859691,0.218236740590047,0.205040780821961,0.198052169113998,0.201087129801637,0.192393279945135,0.191141684478934,0.198465452863806,0.171044528828673,0.196781488091081,0.204063782975822,0.226704294171937,0.242557520206895,0.180373253117065,0.207730071199622,0.21083426382763,0.251737171928455,0.225499541711598,0.232636227434917,0.1591178174134,0.155789683926701,0.175063258392992,0.14643479746043,0.14643479746043,0.169946662019204,0.17389925177276,0.17531933271678,0.17389925177276,0.172631831749059,0.16638977127338,0.15967637134591,0.158800196471374,0,NA,NA,NA,NA,NA,NA
"W_79_840",0.178152179414213,0.242687281874923,0.241119882472237,0.26141500432054,0.261821655696513,0.310596331974657,0.303757943681154,0.340810171519348,0.333245130747319,0.33709485184667,0.342797451995972,0.329286794265083,0.322250159542627,0.319852073410881,0.309199667029795,0.326694611303051,0.225372283051574,0.339864894248739,0.322421958589403,0.236961726854742,0.168308622092371,0.192074433739815,0.192074433739815,0.186872102598712,0.217441647618238,0.202149690183919,0.228261235169979,0.249280965576848,0.26292001844456,0.210360490711986,0.179798193325989,0.203310610497733,0.178107461737351,0.205250475315559,0.209507144718522,0.192487779272182,0.185528868034974,0.182729398047566,0.183760038539528,0.171101310359537,0.185956916508903,0.162432850532898,0.187893731939598,0.217108179346916,0.223871341378742,0.260107966947161,0.183175922516268,0.198992860776689,0.204032864384463,0.253060082046964,0.236733188759536,0.24190419635855,0.17825114239626,0.184233517355705,0.198670238257657,0.147185251842757,0.147185251842757,0.161342117179696,0.17096044446893,0.172387713064564,0.17096044446893,0.186921917739969,0.213047785775591,0.190868268139423,0.199431615092263,0.137900134067078,0,NA,NA,NA,NA,NA
"W_79_843",0.145275709571083,0.231009669733315,0.217513699465356,0.255673005919273,0.24163152154786,0.269814381203652,0.263161870835357,0.303314876351799,0.281008030447349,0.29977583543505,0.298491687825897,0.278715576362466,0.277043422791267,0.270425921116812,0.268510855613961,0.283406116579095,0.200792993470962,0.282862786015832,0.264739346757592,0.200315570901727,0.145510362998149,0.169756139801954,0.169756139801954,0.166081540975388,0.192570817568125,0.210413278046041,0.190018668153977,0.218267501728505,0.217618557813239,0.166441465691178,0.157759207993722,0.182742404510928,0.154112143531303,0.173317264051345,0.196484134528942,0.179641619379288,0.176521484449245,0.171804468332566,0.163666328409787,0.156684058234601,0.186468008490678,0.162969148075021,0.17624446028055,0.182160345076846,0.20257612699932,0.214327177367178,0.176064274095438,0.189786135019464,0.181185582447472,0.23915450099743,0.207279292466981,0.240276920070444,0.176948055543172,0.181031572039237,0.206877487562595,0.147742630642588,0.147742630642588,0.177033766338486,0.167716019171146,0.167233231494001,0.167716019171146,0.179737008172423,0.201863445957707,0.187514780883434,0.196055809645831,0.129291922729472,0.129960522839642,0,NA,NA,NA,NA
"W_79_844",0.169473094548639,0.23984634683343,0.244345700112981,0.272871321097799,0.269214146032103,0.318246935595757,0.313599000440617,0.30411938175465,0.312052421039917,0.326897649155274,0.336952912666752,0.332512611905827,0.336624364665986,0.323077891051625,0.279919914265608,0.329920428943796,0.224396413838618,0.325112699594075,0.312460771948194,0.236211396115847,0.177445786996172,0.208879509506941,0.208879509506941,0.199930841155695,0.220667465258983,0.22498397921304,0.23942360240646,0.272709490535112,0.264111247387517,0.203753387436492,0.194518390392469,0.226106524332574,0.179423059121976,0.208476292956304,0.224474780235949,0.182341859947037,0.208097648518849,0.199481991986513,0.196518816838996,0.170560645204804,0.194935386639097,0.192428909238247,0.209506175830782,0.21433997304745,0.217146828166318,0.253098280693879,0.196026453531222,0.223894403896474,0.231164202878762,0.252179117735055,0.223894403896474,0.237049161945356,0.204119436786764,0.20070456174647,0.196143403408951,0.157901741212659,0.157901741212659,0.179748491997456,0.193307303556452,0.190939501183535,0.193307303556452,0.178631293319154,0.204600319111611,0.188319286286284,0.181563649673208,0.144829659645306,0.139998704189438,0.148001426265527,0,NA,NA,NA
"W_79_845",0.15874272146228,0.253795212105575,0.250155273100916,0.281177891920316,0.271373702024419,0.312472733082684,0.307805000455681,0.311415341071243,0.324037720719896,0.33468755760515,0.333620824933259,0.331528508861807,0.321941417263804,0.310614700387756,0.295542316358755,0.315237481541613,0.233044323199131,0.312659407519162,0.295596798599651,0.231498621033515,0.172693407796591,0.209944919072898,0.209944919072898,0.191194392941239,0.223931161047637,0.224259384061564,0.228732676273815,0.255987806443081,0.257591610624496,0.206839910546285,0.181764083896692,0.219360126526129,0.195750348462354,0.221354145132993,0.235715517843558,0.202411444535694,0.191463480985405,0.198511306448312,0.19339669183789,0.186414421662703,0.191857985357223,0.181629461862463,0.19895546571351,0.195680877265629,0.224486792851573,0.218253360001352,0.181343506129039,0.209211456494291,0.220521665013584,0.251944306080259,0.225276058998098,0.25093958698723,0.16493007919676,0.161561316774127,0.171945636365431,0.128293143593801,0.128293143593801,0.133077869101876,0.151956109072109,0.151469774798897,0.151956109072109,0.145044191277819,0.180292658335219,0.156509374091301,0.168780038074678,0.12644300430564,0.136509903530408,0.131454545425282,0.134122984266195,0,NA,NA
"W_83_6366",0.182983134870082,0.28471260733884,0.293727317266691,0.303828670925451,0.291917112811863,0.340009530835861,0.335316548042837,0.354732098676468,0.365412640366938,0.369324781490653,0.380038651602595,0.350118091067392,0.333755222086189,0.342580598324292,0.327334588112027,0.358615259405584,0.255790988455849,0.363002997148963,0.338376499263934,0.249792724977687,0.177076590507579,0.228219102261833,0.228219102261833,0.221496721533358,0.244251509792882,0.26493892240303,0.245020761491121,0.274314628350236,0.273879695841802,0.229122019703802,0.211657821169777,0.239640233012972,0.206150291054438,0.223766883856682,0.249985438904628,0.22263654271234,0.207751566202712,0.220734127185433,0.219421952333054,0.214398546643201,0.235761237607503,0.201816187495426,0.229842350351969,0.236066514061995,0.271609797845887,0.26493892240303,0.20930487565107,0.247655533608806,0.234787504850123,0.299914027277681,0.255835538320737,0.286037004162032,0.118077267543133,0.121827528026887,0.18256798404706,0.142731089522946,0.142731089522946,0.138316118132598,0.155172112722062,0.154661321096358,0.155172112722062,0.128180069178225,0.160829052588683,0.141225663432794,0.156950057183213,0.120792366847093,0.164118864372197,0.170342462559829,0.196220605514796,0.11541348073014,0,NA
"W_88_935",0.231214523884926,0.317472332572047,0.32666929975652,0.341109055013878,0.362469497693381,0.387970396199225,0.378552406851688,0.407719873884366,0.395140534008266,0.415653628680088,0.419623479163777,0.398682092757846,0.406950454322359,0.38349895899278,0.363402586319304,0.404589178136679,0.291195023368199,0.409260192741502,0.381363241656282,0.300299710764041,0.235153149065731,0.288716181123274,0.288716181123274,0.259697936188265,0.29497271873758,0.297310992679531,0.303702441369861,0.336025902404725,0.337931874975056,0.27129367042229,0.263292416198254,0.281758387220037,0.253736297556915,0.285873619365144,0.302724812005562,0.270477597376466,0.265322873748636,0.246478478372746,0.258959625652703,0.253983374204383,0.284058608180526,0.247324965305768,0.266848749325206,0.291224020929834,0.310616278206618,0.316318956724707,0.248842548970719,0.28192972622019,0.273034539569645,0.326475797274141,0.290263107779334,0.29970370068993,0.153269532267698,0.151761235497985,0.10835342730455,0.169657800340884,0.169657800340884,0.181947251503027,0.148927053345608,0.15201877317759,0.148927053345608,0.145767485169869,0.117393113983061,0.115812283893642,0.120507154068562,0.158505268390409,0.183695329189399,0.188023219697874,0.179330977563467,0.160874440777645,0.175281057895246,0
